id,v1,v2,v3,v4,v5,v6,v7,v8,v9,v10
517,24.7,48.5,2449.5,133,5044.5,1.2,2.2,3.8,568.8,19.9
226,21,56.2,2114.7,163.7,4559.6,1,2.1,3.8,542.8,23.7
615,18.2,56.8,2055.4,150.3,4718.8,0.8,2.4,4.6,431.6,23.5
390,20.8,56,2112.9,165.9,4503.9,1,2.1,3.8,533.9,23.9
172,21,56.4,2146.7,166,4492.2,1,2.1,3.8,543.2,23.7
225,20.8,56.5,2126.7,164.1,4486.6,1,2.1,3.8,534,23.9
822,19.6,51.6,2283.4,153.9,5066.1,0.9,2.2,4,486.3,23.8
199,21.2,55.6,2136.6,166.1,4523.4,1,2.1,3.8,536.3,23.7
329,21.1,55.6,2141.6,163.9,4531.8,1,2.1,3.8,534.4,23.5
52,20.9,55.5,2131.6,164.4,4504.4,1,2.1,3.8,543,23.5
818,24.7,62.2,2518.6,151.3,4420.5,0.9,2.1,3.6,506.2,21.1
419,20.9,55.8,2126.3,165.2,4539.3,1,2.1,3.8,539.6,23.7
534,23.1,48,1779.8,160.2,4701.5,0.8,2.5,3.1,605.8,22.6
442,20.9,55.7,2115.3,164.7,4495.6,1,2.1,3.8,538,23.5
775,20.9,57.4,2287.5,138.3,4611.7,1,1.7,3.2,564.2,28.3
123,21.1,55.6,2127.9,163.5,4523.3,1,2.1,3.8,540.3,23.7
858,22.2,57.1,2029,158.2,5244.2,1.2,2.1,4.2,581.9,20
147,20.8,55.6,2126.7,163.1,4545.3,1,2.1,3.8,535.2,23.5
788,23.7,58.6,2043.1,159.6,4878.5,1.2,2.4,4.2,607.8,23
719,22.8,53.1,2477.9,174.3,5430,1,2.3,3.7,446.6,20.8
785,18.3,48,2400.7,186.4,4595.7,1,2.1,3.6,625.5,19.8
93,21,56.5,2147,165.7,4546.1,1,2.1,3.8,535.5,23.5
446,20.9,56,2148.6,166.1,4495.8,1,2.1,3.8,542.5,23.7
821,22.5,60.8,1820.4,185.6,3760.5,1.2,1.7,3.6,473.2,22.2
72,21.1,56.3,2133.5,165.7,4568.6,1,2.1,3.8,539.9,23.7
443,21,56.4,2141.5,163.6,4540.3,1,2.1,3.8,534.7,23.9
116,21,56.4,2143.3,164.1,4522.7,1,2.1,3.8,532.8,23.6
137,20.8,55.9,2113.8,164.8,4488.1,1,2.1,3.8,534.8,23.7
331,21.2,56.4,2145.1,165.4,4557.8,1,2.1,3.8,539,23.8
531,18.2,56.2,2439.9,156.5,4171.4,1,2.1,4.3,636,25.4
911,18.8,46.7,1836.8,145.5,4560.8,1.2,2.3,3.2,628.6,25.3
924,23,60.7,1848.6,193.5,4035.5,0.8,1.8,4.5,436.3,28.1
951,22.9,64.9,2087.8,186.7,4150.2,0.9,2.4,4,447.4,28
718,18.4,56.3,2020.4,168,3944.5,1.2,2,3.7,605.9,28.1
541,22.5,58.8,2137.4,159.1,4920.6,1,1.8,3.2,634.6,25.9
340,20.8,56.2,2147.1,163.7,4544,1,2.1,3.8,542.7,23.8
584,25,54.7,2408.9,184.7,4634,0.9,1.9,3.4,532.9,24.5
204,20.9,56.2,2140.1,165.2,4555.9,1,2.1,3.8,535.9,23.5
525,22.4,53.2,1840.8,155.8,4241.1,1.1,2.4,3.4,504.6,27
342,20.9,55.5,2136.3,165.9,4511,1,2.1,3.8,534.4,23.6
526,24.1,47.5,2182,175.5,4868.6,1.1,1.9,3.8,524.1,21.9
153,20.8,56.3,2124,164.7,4495.9,1,2.1,3.8,533.1,23.8
805,18.7,65.6,2426.3,132.1,4015.9,1.1,2.4,4.5,489.4,20.5
167,21,55.7,2114.1,165.5,4511.2,1,2.1,3.8,542.4,23.8
518,20.8,53.8,2140.8,150.2,5032.4,1.1,1.8,3.1,627.1,27.7
89,20.8,56.1,2133.6,165,4542.1,1,2.1,3.8,534.7,23.6
436,20.9,55.6,2127,165.3,4534.5,1,2.1,3.8,536.1,23.7
210,21,56.3,2122.7,163.2,4572.7,1,2.1,3.8,539.8,23.9
270,20.9,56.2,2140.9,165.6,4498.6,1,2.1,3.8,538.5,23.7
752,22.8,53,2556.8,137.1,4762.7,0.9,2,3.2,583.5,22.3
275,21.1,56.1,2120.2,163.2,4526.8,1,2.1,3.8,536.3,23.8
826,23.9,64.5,2501.9,163.2,5220.5,0.9,2,3.2,455.3,20.6
292,21.1,56.3,2138.5,163.3,4572,1,2.1,3.8,540.5,23.8
555,23,65,2008,185.9,4029.9,1,2,3.2,514.1,21
784,23.6,53,2512.3,174,4360.1,1.1,2.2,3.1,528.9,27.2
127,21.2,55.5,2141.9,166.2,4491.1,1,2.1,3.8,536,23.7
467,20.8,56.5,2121.9,164.1,4533.5,1,2.1,3.8,543.1,23.9
407,20.9,55.7,2137.1,166.1,4515.2,1,2.1,3.8,538.1,23.5
986,23.6,65.7,2074.9,137.6,4224.3,0.9,2.3,3.9,505.7,24.7
187,20.9,56,2133.1,164.9,4506.6,1,2.1,3.8,542.4,23.8
128,21.2,56.5,2122.6,164.1,4495.9,1,2.1,3.8,539.7,23.5
4,21.1,56,2127.1,164.9,4532.5,1,2.1,3.8,533.5,23.8
273,21.1,56.5,2139.9,163.8,4564.8,1,2.1,3.8,532.8,23.5
356,20.9,55.6,2145,165.9,4508.4,1,2.1,3.8,533.7,23.6
303,20.9,55.6,2144,163.6,4537.5,1,2.1,3.8,533.5,23.7
747,18.2,49.7,2299.7,194.6,5250.6,1,1.7,4,441.6,19
414,21.2,56,2148.9,164.7,4483.6,1,2.1,3.8,533.3,23.5
113,20.8,56.5,2125.5,165.7,4541.1,1,2.1,3.8,533.9,23.8
547,19.1,46.1,1748.3,140.6,4607.9,1.1,1.7,4.5,468.9,20
336,20.9,55.8,2152.6,165.6,4534.1,1,2.1,3.8,542.8,23.7
382,20.8,55.8,2126.4,165.6,4517.7,1,2.1,3.8,536.8,23.8
165,21.2,56,2131,165.6,4489.3,1,2.1,3.8,541.2,23.7
139,21.1,55.8,2116.4,166.2,4503.7,1,2.1,3.8,535.3,23.6
219,21.1,56.4,2136,165.9,4499.1,1,2.1,3.8,535.2,23.7
807,19.3,60.9,2105.6,195.3,3664.9,1.2,2.3,4.5,598.5,23.3
393,21.2,56.5,2139.9,164.5,4544.4,1,2.1,3.8,537.1,23.8
721,18.9,61.3,2202.3,176.7,4162.8,0.9,2.4,3.2,517,25.4
383,21.1,55.7,2121.8,163.5,4565.2,1,2.1,3.8,535.7,23.8
157,20.8,56.3,2113.6,163.6,4569.2,1,2.1,3.8,541.7,23.8
963,20.1,46.7,1948.2,144.6,4119.8,0.8,2.2,3.1,573,24.8
772,17.1,53.9,2216.7,139.2,5245.9,1.1,2.3,4.5,492.6,20
809,19.7,62.9,2071.5,153.3,3743.3,1.1,1.8,4.3,559.6,20.6
295,21.1,56.1,2113.1,163.8,4534.7,1,2.1,3.8,540.5,23.6
344,21,56.4,2135.3,163.8,4505.4,1,2.1,3.8,539.7,23.9
740,24,48.8,1854.1,143.1,4920.1,0.9,1.7,3.1,520,19.5
491,21.2,56.2,2118.3,165.8,4518.4,1,2.1,3.8,538,23.9
465,21.1,55.5,2138.7,163.5,4565.1,1,2.1,3.8,533.2,23.7
334,20.9,56.4,2123.8,164.4,4493.3,1,2.1,3.8,540.9,23.6
925,23.2,66.9,2230,160,5311.9,1.1,2.1,3,623.8,23
600,22.4,51.8,1880.6,167.6,4321.7,1.2,1.8,4.4,522.1,25.7
612,24.3,57.1,2347.3,195.7,4804.8,1.1,2.2,4.2,584.8,28.3
935,18.5,49,1794.9,132.2,5078.6,1,2.2,3.8,607.7,26.2
790,18.7,60.9,2193.3,168.1,4709.4,0.9,2.2,3.6,551.5,23.1
589,22,45,2533.4,165.9,5387,0.8,2,3.4,629.6,19.3
196,21.1,55.8,2129.6,165.7,4493.9,1,2.1,3.8,542.4,23.6
793,22,67,2069.4,164.6,4771.3,0.8,1.8,3.4,450.7,24.9
672,23.8,45.4,1804.1,161,5357,1.1,1.8,3.1,462.6,23.6
830,22.6,48.7,1989.1,169.4,4772,1.1,2.4,3.3,544.4,20.3
394,21.2,56.3,2147.6,164.9,4498.7,1,2.1,3.8,543.4,23.7
469,21,55.8,2134.8,164.7,4547.7,1,2.1,3.8,535.8,23.7
259,20.9,56.4,2112.5,164.5,4548.6,1,2.1,3.8,534.2,23.9
791,20,65.3,1875.2,184,3808.2,1,2.2,4.5,477.7,20.9
893,23.4,49.9,2254.1,148.2,4330.6,1.1,2,4.5,500.7,28.4
812,25,54.6,2031.4,137.1,4939.7,0.9,1.8,4.2,529.4,24.6
96,21.1,55.7,2135.8,165.9,4527.5,1,2.1,3.8,534.1,23.9
574,22.1,52.3,1731.8,190.9,4347,1,2.1,4.2,608.2,24.6
594,21.4,58.6,2555.7,159.3,5143.2,1.2,2.2,3.9,452.7,21.4
229,20.9,55.8,2136.7,163,4498.9,1,2.1,3.8,539.7,23.9
696,22,63.2,2100,134.1,5029.7,1.1,2.3,3.5,581.2,24.2
880,19.4,47.4,1775.6,176.5,5154.5,0.9,2.1,3.7,471.8,23.9
156,21.2,55.5,2112.6,165.4,4565.4,1,2.1,3.8,542.6,23.5
765,23.3,62.4,1785.9,165.5,3920.6,1,1.9,3.7,549,28.1
141,21,55.6,2114.8,165.3,4562,1,2.1,3.8,536,23.8
630,17.8,56,1791.9,164,4562.7,1.1,2.5,3.1,560.1,25.7
678,18.9,49.4,1984.1,188.3,4658.5,0.8,2.2,3.8,624.6,26.1
857,22,51.2,2496.1,168.9,4179.1,1,1.9,4.4,624.3,22.8
243,20.8,55.6,2145.7,163.2,4554.9,1,2.1,3.8,533.1,23.9
573,23.2,46.4,1925.1,187.1,4605.9,1,2.1,3,460.6,22.1
432,20.8,55.6,2114.5,165.5,4503.9,1,2.1,3.8,536.2,23.9
287,20.9,55.8,2126.6,164.5,4532.3,1,2.1,3.8,539.2,23.6
795,17.9,54.9,2307.7,162.7,4219.9,1.2,2.3,3.4,488.5,23.5
876,23.6,65.9,2068.1,177.5,3884.7,1,1.9,4,556.1,25.5
5,20.9,55.8,2121.5,165.8,4483.2,1,2.1,3.8,536.7,23.6
651,19.2,62.8,2070.4,152.7,4559,0.9,1.7,4.6,509.1,27.3
160,20.8,55.8,2140,165.3,4526,1,2.1,3.8,535.2,23.6
227,21.1,56.2,2123.6,164.5,4567.9,1,2.1,3.8,535.5,23.5
126,21.1,56.6,2145.1,166.2,4569.2,1,2.1,3.8,538.2,23.5
107,20.9,55.8,2150.5,165.1,4569.8,1,2.1,3.8,535.2,23.5
506,19.9,61.3,1830.4,196.6,5318.2,0.8,2.5,3.1,545.9,19.7
50,21.1,56.3,2113.9,165.1,4540.7,1,2.1,3.8,536.9,23.5
35,21.2,56.5,2139.5,163,4566,1,2.1,3.8,541.7,23.8
264,20.9,56.5,2113.6,164.1,4502.4,1,2.1,3.8,540.2,23.7
937,20.1,55.5,1965.8,182.5,4203.8,1.2,1.8,3.8,488.8,19.9
497,21.2,55.6,2140.3,163.5,4506.4,1,2.1,3.8,534.5,23.6
727,23.6,47.6,2521.8,166.1,4872,0.9,2.4,3.6,500.5,20.9
749,19.6,46.1,1761.5,178.8,4612.6,0.8,2.1,4.2,474.6,21.4
339,20.8,56.4,2125.7,165.9,4498.2,1,2.1,3.8,534.8,23.9
543,17.7,61.6,1708.1,185.6,5344.5,1,1.8,3.2,561.2,20.7
333,21.1,56.4,2118.4,166.1,4529.2,1,2.1,3.8,538.3,23.6
178,20.9,55.6,2119.2,163.9,4545.3,1,2.1,3.8,543.4,23.9
487,21.2,55.5,2112.2,164.6,4567.7,1,2.1,3.8,541.8,23.6
967,23.6,61.7,2207.1,161.8,4285.2,1.1,1.7,3.4,609.1,23.3
255,20.9,55.8,2110.3,166.1,4530.6,1,2.1,3.8,535.2,23.6
982,23.5,48,1775,168.7,3904.6,0.8,1.8,3.8,532,26.8
248,21,55.6,2144.6,163.8,4544.8,1,2.1,3.8,535.6,23.9
410,21.1,56.3,2141.1,164.1,4572.5,1,2.1,3.8,537.1,23.5
417,20.9,56.5,2131.6,163.9,4528.8,1,2.1,3.8,533.2,23.8
816,19.6,55.6,2124.1,183.5,4637.4,1,2.3,4,441.1,26.9
974,21.3,47.5,1826.1,134.1,4588.1,0.9,2,3.7,627.1,28
881,17.5,66.6,2205.9,144,4054.6,1,1.9,4.1,498.3,23.4
179,21.1,55.5,2136.7,166.1,4514,1,2.1,3.8,537.9,23.7
702,18.5,50.8,2289.9,195.7,4320.1,1,2.3,4,563.6,21.7
693,20,47.5,2300.9,164.8,4239.4,1.1,2,4,490.4,24.5
110,20.8,56.4,2140.2,165.2,4483.8,1,2.1,3.8,542.7,23.8
335,21,55.9,2129,163.7,4486,1,2.1,3.8,534.9,23.8
601,19.7,50.2,2549.2,161.3,5137.7,1,2.3,3.8,507.2,23.2
452,21,56.1,2110.5,164.6,4513.7,1,2.1,3.8,532.8,23.7
311,21,56.4,2134,163.6,4539.9,1,2.1,3.8,538.7,23.8
75,21,55.7,2149.4,164.8,4516,1,2.1,3.8,538.2,23.8
710,16.9,48.8,1928.7,196.6,3936.9,1,2.3,4.3,594.3,27.6
592,18.2,57.8,2399.7,143,4446.3,1.1,2.3,3.5,590.3,27
266,21,55.6,2138,165.8,4519.7,1,2.1,3.8,535.9,23.6
566,25.2,67.2,1709.1,175.9,5004.9,0.9,1.9,4.5,511.1,27.2
444,20.9,55.5,2131,165.9,4504.9,1,2.1,3.8,534.6,23.6
166,21.1,56,2133.3,163.9,4514.6,1,2.1,3.8,535.6,23.7
952,22.6,63,2145.2,158.1,4480.7,0.9,2,3.6,504.9,23.4
3,21,55.6,2135.6,164.3,4571.1,1,2.1,3.8,541.5,23.7
670,20.4,45,1828.6,159.5,3863.8,0.8,2.3,3.9,473.4,24.1
133,20.8,55.8,2144.1,165.7,4509.6,1,2.1,3.8,541,23.5
912,17.2,59.3,2099.4,166.2,4475.3,1.1,2.2,3.6,534.1,19.7
395,20.8,55.7,2150.3,165.1,4492.9,1,2.1,3.8,538.8,23.8
256,21,55.5,2141.6,164.5,4538,1,2.1,3.8,539.5,23.9
122,20.9,55.9,2115.9,163.6,4501.4,1,2.1,3.8,540.8,23.9
621,23.4,54.7,1853,176.7,3634.6,1.1,1.7,4.2,528.9,24.6
694,19.6,51.6,1896.5,152.6,5424.1,0.8,1.7,4.4,606.1,24.7
501,24.7,51,2263.1,137,3879.3,0.8,2,3.5,534.3,20.5
626,18.5,55.1,2087,189,4458.9,1,2.5,3.4,467.3,24.7
254,21.1,55.9,2147.8,163.2,4504.1,1,2.1,3.8,537.6,23.7
361,20.9,56,2141.1,163,4530.5,1,2.1,3.8,532.7,23.8
949,21.3,48.3,1903.4,138.3,3993.4,1.1,2.4,4.1,458,23.3
246,21,56.2,2141.9,165.9,4553.4,1,2.1,3.8,534.7,23.5
711,17.9,52.8,2046.5,189,3682.3,0.9,2.5,4.5,526.7,24.6
211,21,56.3,2152.1,164.7,4500.2,1,2.1,3.8,538.8,23.7
162,21,56.2,2110.9,165.7,4539.3,1,2.1,3.8,536.5,23.6
27,20.8,55.8,2126,165,4513.4,1,2.1,3.8,533.6,23.7
688,17.3,50.8,1739.4,144.8,4665.2,1,2,3.4,482.6,19.1
104,20.8,55.9,2128.6,164.6,4523.1,1,2.1,3.8,534.6,23.9
716,24.5,64.9,1892.9,161.5,4432.4,0.9,2.1,3.5,595.4,22
739,21,63,2438.5,174.1,5336.7,1.1,2.2,4.4,626,19.4
464,21.1,56.2,2124.8,165,4561.4,1,2.1,3.8,541.4,23.8
176,21.1,56,2134.2,164.7,4506.9,1,2.1,3.8,533.1,23.9
171,20.9,55.6,2145.8,163.3,4558.1,1,2.1,3.8,539.9,23.6
942,18.2,60.1,2532.2,188.5,4996.7,0.9,2.4,3.2,543.5,23.4
103,20.8,56.4,2145.2,164.2,4499.8,1,2.1,3.8,538.6,23.8
833,18.7,60,2363.3,176.1,4200.6,0.8,1.7,4.3,537.5,20.1
687,22.3,59,1863.7,185.6,4888.1,0.9,1.9,4.2,465.9,24.7
753,23.3,51.2,2315.3,167.2,5221.9,0.9,1.8,3,605.6,22.6
852,20.6,49.9,2430.7,166.4,3856.2,1.2,2.4,4.5,609.5,22.4
398,21.2,56.2,2138.7,166.1,4513,1,2.1,3.8,537.6,23.6
849,17.6,58.3,2431.6,168.7,3751,1,1.8,4.5,617.6,19.8
253,20.9,56.3,2118.5,166.2,4514.4,1,2.1,3.8,536.4,23.6
201,20.9,56.3,2136.8,163.4,4504.4,1,2.1,3.8,542.4,23.6
437,20.8,55.5,2141.3,163.3,4522.3,1,2.1,3.8,533.9,23.9
928,23.4,57.6,1917.4,188.8,4759.1,1,1.9,3.2,440.7,20.5
684,24.4,55.3,1983.7,187.2,5375.1,1.1,2.1,4.1,586.6,26.2
766,23.6,53.4,1854.5,139.6,4998.8,1.1,2,3.4,480,27.2
602,20.2,49.4,1873.6,150.3,4593.8,1.2,2.2,4.3,577.9,26.6
306,21.1,56.4,2139.4,164.8,4552.9,1,2.1,3.8,542.4,23.8
7,21.1,55.7,2116.6,166,4549.1,1,2.1,3.8,538.5,23.9
802,19.7,46.3,2279.4,175.1,4876.9,1.1,2,4.3,644.3,23.7
801,18.2,52.6,2003.6,167.8,3668.9,1.2,2.2,4.3,586.1,26.4
44,20.8,55.7,2111.4,166.2,4568.1,1,2.1,3.8,534.9,23.5
184,21,56.2,2140.9,166.2,4528,1,2.1,3.8,543.1,23.8
489,21.1,55.9,2115.8,163.3,4501.6,1,2.1,3.8,539.1,23.8
426,20.8,56,2150,163.1,4541.9,1,2.1,3.8,540.9,23.6
83,20.8,55.7,2130.1,164,4540.4,1,2.1,3.8,538.9,23.8
582,17.2,61.3,2190,148.3,4801.1,1.2,2.5,3.3,534.1,20.4
814,17.7,61.5,1721.1,148.7,5417.4,1.1,2.5,4.2,512.9,19
508,21.1,48.6,2422.9,175,5243.9,1,2.3,3.5,510.5,27.3
619,22.4,53,1955.8,181.4,4290,0.8,1.9,3.1,591.5,27.5
500,23.1,54.7,2278.8,132.5,3746.7,0.9,2.2,4,639.5,23.1
731,23.4,50.8,2448.1,169.4,5246.4,1,1.7,3.7,630.8,24.5
349,21.2,56.5,2112.4,164.1,4573,1,2.1,3.8,538.7,23.9
252,20.8,56.1,2128.1,163.1,4566,1,2.1,3.8,535.3,23.8
554,21,50.4,2432.9,185.6,3685.7,0.8,1.9,4.5,474.9,20.9
485,21.2,55.7,2146.3,166,4496.6,1,2.1,3.8,542.5,23.6
874,24.6,55.1,1997,149.2,4358.5,1.1,2.4,3.9,638.8,19.3
977,20.7,45.6,2218.9,166.1,3848.7,1.1,2.5,4.4,584,19.7
150,20.8,56,2114.1,164.5,4498.7,1,2.1,3.8,535.1,23.8
901,21.1,48.5,2054.3,160.1,4647.2,0.8,2.5,4.4,630.7,24.5
438,21,55.4,2137.2,164.6,4494.6,1,2.1,3.8,535.6,23.9
535,18.9,66.1,2204.8,172.8,4915.4,1.1,2.1,4,521.6,27.9
142,21.2,55.7,2140.6,163.3,4505.5,1,2.1,3.8,535.2,23.6
516,21.4,50.1,2350.9,183.6,5344.6,1,2,3.6,471.6,19.1
819,17.4,60,1918.3,193,4676.9,1,1.8,3.6,542.1,21.3
269,21,56.1,2143.3,165.2,4558.3,1,2.1,3.8,542.2,23.8
163,20.8,55.8,2118.8,165.6,4496.7,1,2.1,3.8,532.9,23.6
798,21.9,60.7,2348.8,163.9,4702,1.2,2.1,3.8,488.7,26.8
533,17.1,60.9,2356.9,169.8,4713.8,1.2,2.4,3.5,476.6,21.9
944,23.3,64.6,2265,149.7,5076.4,0.9,2.2,3.2,471.8,26.5
456,21.1,55.5,2114.1,166,4560.4,1,2.1,3.8,537.6,23.6
350,20.8,56.3,2140.6,163.5,4556.6,1,2.1,3.8,540.8,23.5
392,21.1,56.2,2126.3,165.6,4495.7,1,2.1,3.8,537.2,23.8
1,20.8,55.7,2114,164.9,4496.3,1,2.1,3.8,532.7,23.7
46,21.1,56.3,2126.7,164,4557.9,1,2.1,3.8,539.8,23.8
399,21,55.8,2142.2,163.7,4557.3,1,2.1,3.8,537.7,23.5
908,21.6,45.4,1786.1,194.2,5083.7,1,2.4,3.1,465.2,23.4
481,21.1,56.1,2129.3,164.6,4546,1,2.1,3.8,535.2,23.6
922,21.8,53.2,2441,193.6,4293.9,0.9,1.7,3.8,462.4,25.4
233,20.9,56.2,2132.4,164.7,4557.5,1,2.1,3.8,542.1,23.5
238,20.8,56.3,2113.3,164.3,4492.5,1,2.1,3.8,543.2,23.7
434,20.9,55.5,2120.2,166.2,4555.2,1,2.1,3.8,542.2,23.7
402,21,55.5,2127.6,165.9,4553.2,1,2.1,3.8,543.3,23.6
532,18.7,58.2,2086.6,189.2,5151.8,1.2,2.3,3.5,529.3,25.7
136,20.9,55.7,2114.4,165.4,4490,1,2.1,3.8,543.1,23.8
222,21.1,55.9,2120.7,163.9,4536.3,1,2.1,3.8,535.4,23.6
45,21,56.4,2138.3,163.7,4542.9,1,2.1,3.8,542.6,23.8
217,21.1,56.2,2127.4,163.1,4499.1,1,2.1,3.8,541.9,23.9
67,21.1,55.8,2132.4,164.5,4518.7,1,2.1,3.8,534.7,23.9
499,25,60.2,1705.7,152.9,4069.4,1.1,2.4,3.3,517.1,20.6
265,20.9,55.9,2128.1,166.1,4527.9,1,2.1,3.8,541.9,23.8
130,20.8,56.2,2141.3,165.6,4555.1,1,2.1,3.8,540.2,23.7
662,17.7,53,2272.6,190.8,4291.8,0.8,1.8,4.2,576,25.6
697,24,47,1963.7,179.3,3969.4,1.1,2.1,3.2,591.3,26.7
321,21.1,56.2,2129.3,164.4,4502.2,1,2.1,3.8,538,23.5
768,25,66.1,2112.7,150,3967.6,1,1.7,3.8,473.5,25.6
285,21.2,55.6,2124.1,165.1,4540.8,1,2.1,3.8,534.1,23.5
346,21.2,55.5,2117.6,164.3,4557.9,1,2.1,3.8,535.6,23.6
861,17.1,53.9,2147.6,159.8,5318.4,0.9,1.9,3.6,637.4,25.3
84,21,56.3,2130.2,165.4,4524.3,1,2.1,3.8,534.3,23.8
320,21.2,55.6,2133.3,164.2,4526.8,1,2.1,3.8,541.8,23.8
135,20.9,56.4,2130.9,163.1,4524.8,1,2.1,3.8,536.8,23.8
158,21.1,56.5,2146.1,163.1,4568.1,1,2.1,3.8,536.2,23.7
926,17.1,65.8,2142.2,141.6,3915.9,0.9,1.7,4.3,493.8,27.2
906,19.8,55.3,2200.9,197.5,4810.6,1.1,2.3,4.1,462,27.4
440,21.1,55.9,2128.5,163.2,4539.8,1,2.1,3.8,534.4,23.7
188,20.8,56.2,2123.7,165.2,4552.3,1,2.1,3.8,541.9,23.7
799,21,48.2,2343.8,159.7,4665,0.9,2.4,3.5,480,20.2
302,21.2,56.3,2146.3,165.5,4531.6,1,2.1,3.8,540.7,23.5
415,21.2,55.6,2149.5,166.2,4538.7,1,2.1,3.8,536.2,23.7
746,18.4,46.8,2158,169.2,5387.4,0.9,2.3,4.3,631.3,20.3
29,21,56.3,2150.8,165.7,4493.7,1,2.1,3.8,538.4,23.6
18,21,56.1,2115.6,164.1,4498.5,1,2.1,3.8,542.5,23.8
408,21,55.8,2113.7,163,4535,1,2.1,3.8,535.7,23.6
661,20.9,61.3,1878.6,186.4,4744.8,0.8,2.5,4.1,638.3,21.7
789,25.1,50.2,2157.7,191.5,5351.3,1.2,2.5,4.3,580.4,20.9
658,19.5,55.1,2425.6,192.9,4721.4,1.2,2.1,3.3,523.7,24.3
824,24.5,57.1,2367.8,185.7,4658.2,0.9,2.2,3.6,559.9,23.9
964,18.5,47.6,1912.4,135.4,4666.9,0.9,1.7,3.8,614.9,19.2
10,21.1,56.3,2149.7,163.1,4533.5,1,2.1,3.8,539,23.6
403,21,55.9,2110.3,165.6,4559.9,1,2.1,3.8,536.2,23.7
168,21.1,55.5,2120.9,165.5,4553.2,1,2.1,3.8,541.9,23.6
889,21.2,63.9,1981.6,153.2,3665.3,1.1,2.5,4.2,568.8,27.4
905,19.4,66.4,2121.2,174.4,3683,0.8,2.3,3.1,559.8,26.9
782,20.8,49.4,2186,153.2,4770.7,1.1,2.3,3.7,614.4,27.9
529,24.3,54.1,1730.2,189.5,3799.2,1.1,2,3.8,581.9,27.9
309,21,55.5,2111.1,163.3,4543.4,1,2.1,3.8,537.6,23.8
910,24.7,53.3,1789.7,138.1,5041,1,1.8,3.7,582,20.9
117,21,55.5,2145.2,165.5,4495.2,1,2.1,3.8,541.8,23.6
730,20.3,58.9,1898.4,154.8,4623.4,0.9,2.2,4.5,630.7,24.7
91,20.9,55.7,2126.1,163.7,4487.4,1,2.1,3.8,540.8,23.6
16,21,56.4,2147.7,164.3,4542.7,1,2.1,3.8,532.8,23.6
120,21.1,55.7,2116.6,165.2,4555.1,1,2.1,3.8,536.6,23.7
866,18.4,54.5,2155.4,185,5236.3,0.9,2.2,3.6,467.7,27.3
125,20.9,55.8,2129.9,166,4569.2,1,2.1,3.8,535.6,23.8
734,21.6,51.1,2298.8,183.4,4297.6,0.8,2.2,3.3,561.6,27.3
627,22.5,63.4,2267.3,155.4,4392.7,0.8,2,3.5,571,22.8
907,22.5,64.2,2030.7,158.9,4132.4,1.2,2.5,4.4,639.1,24.6
686,23.5,46.2,1811.6,158.6,5188.5,1,1.8,4.1,447.6,22.7
511,20.1,48.8,2043.3,194.8,3900.5,1,2.2,3.1,456.9,24.1
2,20.9,55.9,2117.9,163.8,4558.3,1,2.1,3.8,536.6,23.5
326,20.8,56,2117.9,163,4482.9,1,2.1,3.8,536.9,23.9
577,19.9,66.3,1949.2,143.2,4711.4,1.1,2.4,3.9,520.2,28.2
844,19.6,65.3,2092.9,171.4,4715.3,1.1,2.3,3.6,594.4,27.1
745,18.8,66.9,1773.3,166.3,3687.7,0.9,2,3.3,533.5,27.8
38,20.9,56.1,2120.6,164.2,4542.8,1,2.1,3.8,537.1,23.6
317,20.9,56,2125.6,164.1,4496.6,1,2.1,3.8,533.3,23.8
459,20.8,56.4,2142.8,165.9,4510.6,1,2.1,3.8,535.7,23.6
596,19.5,45.1,2486.9,182,4469.6,0.9,1.8,3.7,585.9,25.4
418,21.2,55.9,2111.4,165.4,4542.4,1,2.1,3.8,535,23.8
950,18.4,66.6,2162.3,181.7,3624.6,1,1.9,3.6,579.7,24.7
114,20.9,55.6,2138.4,165.2,4526,1,2.1,3.8,542.2,23.8
991,19.6,52.2,2209.3,177.6,5394,1.1,2,4.4,544.7,19.9
537,23.8,59.1,1724.6,193,4658,1.1,2,4.2,623.1,22.4
149,20.9,55.4,2115.8,164.9,4543,1,2.1,3.8,534.3,23.7
764,20.3,52.1,2110.3,164.6,4628.9,1,1.9,4.1,553.7,28.2
853,22.6,55.8,2324.9,196,4420.2,0.8,2.3,3.5,501.6,24.9
493,21,55.5,2133.9,164.2,4506,1,2.1,3.8,537.4,23.9
771,23.6,64.8,2523.8,133.4,5268,1.1,2,3.3,581.6,22.1
606,24.9,64.1,1724.3,151.9,4101.1,1,2.4,3.8,578,19.4
839,17.4,64.2,1976.7,162.2,5145.4,1,2.4,3.2,564.7,28.4
633,18,54,2330.9,181.1,5207.3,1,2.3,4.5,542.2,21.8
968,20.1,47.9,1807.6,193.4,4816.6,0.8,2.2,3.9,435,23.2
215,20.9,56.5,2128.8,163.4,4571.1,1,2.1,3.8,532.8,23.7
279,20.8,56.5,2148.5,163.1,4522.5,1,2.1,3.8,539.9,23.5
472,20.9,55.8,2136.5,165.6,4545.4,1,2.1,3.8,535,23.5
915,22.6,52.6,2010.6,181.5,4421.7,1,2.5,3.6,475,27.9
956,20.5,54,2495.2,187.5,4779.8,1,2.1,4.3,585,25.2
628,23.6,51.8,1848.7,156.8,4937.4,0.9,2.2,4.1,560.4,26.4
569,19.9,61.2,1999.6,153.1,4105.5,1,1.9,3.1,475.5,22.7
387,21,56.1,2119,163.5,4502.5,1,2.1,3.8,537.6,23.9
370,21,55.5,2151,165.7,4573,1,2.1,3.8,541.7,23.6
283,20.9,55.7,2134.1,164.5,4495.2,1,2.1,3.8,536.5,23.8
992,18.6,54.3,2511.5,139.5,5236.2,1,2.3,3.1,636.7,23.5
230,21.1,56.1,2137.9,164.8,4494.7,1,2.1,3.8,533.2,23.9
425,21.2,56.3,2144.3,164.2,4561.6,1,2.1,3.8,536.5,23.7
654,18.8,48.5,2533,183.2,4247,1.1,2.5,3.4,644,20.6
954,18.3,47.3,1909.7,189.3,4135.6,0.9,2,4.6,432.6,21.5
643,22.8,63.8,2090.7,154,4890.9,0.9,1.7,3.4,491.8,27.9
155,21,56.4,2139.3,163.2,4508.5,1,2.1,3.8,532.9,23.8
12,21,55.7,2119.3,164.7,4483.5,1,2.1,3.8,539.2,23.5
374,21.2,56.2,2131.8,164.3,4526.1,1,2.1,3.8,535.9,23.6
571,18.4,56.5,1878.9,155.6,5327.6,1.1,1.9,4,487.3,20.2
348,20.8,55.5,2142.2,165.9,4562.5,1,2.1,3.8,535.6,23.6
966,22.4,65.3,2110.6,159.3,4838.7,1,2.1,4.3,572.4,23.2
572,16.8,61.9,2371.4,193.1,4454.5,1.2,2.2,3.8,631.8,26.6
276,21.1,56.3,2112.4,163.7,4487.4,1,2.1,3.8,540.6,23.8
40,21.1,56.1,2129.4,163.6,4503.8,1,2.1,3.8,536.5,23.7
109,20.9,55.6,2129.5,165.3,4535.6,1,2.1,3.8,540.1,23.7
429,20.9,56.3,2142.9,163.3,4483.9,1,2.1,3.8,541,23.8
995,21.9,66.7,2267.1,154.8,4695.8,1.2,2.4,3.8,484,26.9
864,20.8,56.4,2193,172.2,5337.7,1,1.7,3.8,542.2,22.6
984,22.9,54.9,2015.9,155.6,3936.5,1.1,2.5,4.1,610.3,23.1
750,19.8,48.1,2036.4,193.2,3694.5,0.9,2.5,4.6,435.4,28.2
981,23.9,51.3,2509.4,187.6,5050.7,1,2.3,4.2,596.4,26.4
971,20.5,48,2172.5,196.6,5216.7,1,2,3.5,609.8,20.8
611,24.4,52.6,1856.9,149.2,3631.2,1.2,2.1,3.3,574.8,22.9
920,24.9,65.7,2088.3,175.2,3999,0.9,1.7,3.7,609.9,23.3
98,21,55.6,2148,165.4,4526.6,1,2.1,3.8,535.7,23.8
365,21.1,55.8,2138.7,163.8,4498.3,1,2.1,3.8,535.1,23.5
430,21.1,56,2144.7,165.8,4495.7,1,2.1,3.8,536.9,23.7
267,21,55.9,2144.2,163,4489.7,1,2.1,3.8,538.6,23.6
679,22.9,64,2527.3,170.9,4022.9,1,1.9,3.6,495.2,27.1
514,20.6,46.1,1970.1,150.1,4177.3,1,2.4,3.2,612.3,19.9
502,18.8,53.5,2041,147.8,3910.2,1.1,2.3,4.5,520.1,21.2
420,21,55.9,2137.7,163.4,4492.9,1,2.1,3.8,540.5,23.5
939,21,64.4,1789.1,142.5,3911.5,1.2,2.1,3.3,536.1,26.8
208,21.1,56.3,2123.3,165.2,4517.4,1,2.1,3.8,536.7,23.8
902,24.6,66.3,1762.7,169.7,5316,0.9,2,4.3,606.4,22.4
842,20.9,56.7,2495.9,164.9,4459.2,1.1,2,3.2,513.3,24.9
813,25,45.9,1943.4,142.2,4381.3,0.9,2.4,3.4,491.4,22
17,21.1,56,2141.7,165.3,4537.8,1,2.1,3.8,535.3,23.7
704,18.4,52.1,2294.4,156.4,4718.5,1,1.9,3.9,469,20.7
474,21.1,56.2,2123.6,164.9,4544.7,1,2.1,3.8,542.5,23.8
290,20.8,56.5,2137.7,165.4,4484.3,1,2.1,3.8,536.6,23.5
131,21,55.9,2118.7,163,4508.9,1,2.1,3.8,534.2,23.5
416,20.8,56.1,2134.3,165.6,4573.1,1,2.1,3.8,539.3,23.9
173,20.9,56.3,2141,163.7,4530.8,1,2.1,3.8,539.1,23.5
470,21.2,56,2128.5,166.1,4520.7,1,2.1,3.8,538.8,23.9
185,20.9,56.5,2114.5,164.2,4518.4,1,2.1,3.8,534.2,23.7
779,17.7,56.3,1977.5,168,4404.3,1.2,2.1,4,467.5,19
895,24.8,46.8,2334.5,163.9,4475.8,1,1.7,4.1,443.8,21.4
936,23.7,60.3,1827.4,160.9,4470.5,0.8,2.1,4.1,523.2,28.4
30,21.2,56.4,2119,164.2,4539,1,2.1,3.8,535.3,23.7
328,21.1,56.3,2131,166.1,4537.4,1,2.1,3.8,540.2,23.8
234,21.2,56.2,2137.4,163.4,4565.3,1,2.1,3.8,538.5,23.5
343,20.8,56.5,2126.2,165.3,4483.7,1,2.1,3.8,540.1,23.8
205,21,56.3,2139.2,163.8,4541.4,1,2.1,3.8,536.4,23.8
564,20.6,55.9,2554.4,152.6,3981.9,1.2,1.9,3.8,633.3,23.5
144,20.9,55.5,2151.3,164.8,4543.7,1,2.1,3.8,534.1,23.6
55,21,55.9,2119.7,164.6,4548,1,2.1,3.8,537.4,23.7
368,21,56.3,2132.1,163,4509.9,1,2.1,3.8,536.7,23.9
587,24,51,2426.9,184.8,4451.2,1.2,1.9,4.5,529.1,26.4
220,21.1,56.5,2148,165.1,4488.9,1,2.1,3.8,540.3,23.9
61,20.9,55.6,2136.2,165.3,4504.5,1,2.1,3.8,538,23.9
878,20.6,46.7,1744.9,188.5,3922.8,1,1.7,4,480,25.8
76,20.9,56.3,2148.1,165.7,4533,1,2.1,3.8,543,23.9
622,21.8,53.5,1928.4,187.7,3858.6,1,2.1,3.5,518,25.9
454,21.2,55.5,2148.3,165.9,4555.7,1,2.1,3.8,535.2,23.8
741,19.3,60.2,1957.5,155.9,4410.2,0.9,2.4,4.6,516.5,26.9
562,18.3,60,2101,144.1,4087.9,0.9,2.3,4.1,548.6,19.9
327,20.9,56.3,2113.1,166,4568.4,1,2.1,3.8,534.6,23.8
724,17.6,60.2,1713.5,154.3,5383.9,1.1,1.8,3.4,571.3,19.4
882,21.6,57.8,2197.2,163.6,4904.8,0.9,2.1,3.3,490.6,24.5
595,17.7,47,1857.4,175.2,4313.7,0.9,2.4,4.1,452.1,20.9
695,20.5,49.8,2240.3,191.6,4809.4,0.9,1.7,3.1,482.5,20.1
80,20.9,55.8,2123.4,165.9,4568,1,2.1,3.8,533.4,23.5
940,17.5,54.5,2134.2,164.3,4300.9,1.2,2.1,3.4,628.2,27.1
657,24.1,56.7,2157,138.4,4443.3,1,2.4,3.7,639,21
376,20.9,56,2141.4,163.7,4540.9,1,2.1,3.8,536.6,23.8
959,22.4,64.6,2262.6,149.9,3638.5,1,2.2,4.2,483.2,20.5
47,21.1,56.2,2118.5,165.5,4559.3,1,2.1,3.8,540.8,23.7
983,17.7,59.2,2392.8,132.2,3688.5,1.1,2.2,3.8,619.9,28.4
177,20.9,56,2140.6,165.9,4570.6,1,2.1,3.8,540.9,23.6
412,20.8,56.5,2116.4,166.2,4495.8,1,2.1,3.8,536.7,23.9
556,19.8,65.7,2064.2,154.2,4118.3,1.1,2.1,4.3,544,26.8
756,21.9,58.2,2119.3,179.9,4857.3,1,2.3,3.5,489.4,22.3
421,20.9,56.5,2128.5,165.9,4504.7,1,2.1,3.8,538.9,23.6
994,20.6,55.7,2321.1,179.9,4904.6,1.2,2.4,3.1,617.3,21
962,20.9,54.1,2366.3,133.6,4172.3,1,1.8,3.9,468.5,22.3
593,19.5,54.9,2416.4,132.8,3879,0.9,1.7,4,590.9,21.4
667,17.8,57.1,2507.1,160.8,5286.6,1,2.3,4.3,548.6,19.3
69,21.2,56.2,2117.8,165.1,4487.6,1,2.1,3.8,540.2,23.7
223,20.9,55.9,2131.9,163.9,4570.7,1,2.1,3.8,536.3,23.5
946,24.1,46.4,2122.8,165,4896.7,0.8,2.2,4.5,519.1,21.2
736,23.2,55.7,1769.7,178.4,4481.7,0.9,1.8,4.5,559.2,22.6
530,20.9,63.1,1745.9,197,4601.8,1.1,1.8,3.7,514.1,24.8
271,21.2,56,2135.2,165.2,4550.1,1,2.1,3.8,540.7,23.6
800,20.4,55.3,2081,189.1,4805.5,0.9,2.4,4.1,554.2,22
102,21.1,56.2,2131.4,163.6,4515.1,1,2.1,3.8,540.3,23.5
363,20.9,55.7,2127,164.5,4504.7,1,2.1,3.8,533.5,23.8
770,25.1,50.6,2242,158.9,3999.3,1.2,1.8,3.6,526.4,21.5
375,20.8,55.7,2144,163.8,4542.8,1,2.1,3.8,532.7,23.7
665,21.1,65.7,1966.9,155.3,4359.5,1.2,2.3,3.8,598.3,26
159,21,56,2131.9,164.8,4565.6,1,2.1,3.8,533.1,23.6
570,17.9,53.6,1915.1,195.2,5350.8,1.1,2.1,4.2,606.4,27.9
323,20.8,55.5,2131.2,165.7,4515.4,1,2.1,3.8,541.6,23.9
618,22,49.9,2244.1,161.8,4286.5,0.9,2.3,3.7,501.6,26.4
183,21.1,55.5,2118.1,164.5,4567.1,1,2.1,3.8,540.4,23.7
941,17.9,45.6,2488,196.7,4510.6,0.8,2.1,3.7,560.1,20.4
88,21.2,56.3,2132.9,163,4572.4,1,2.1,3.8,533.2,23.9
307,20.8,55.7,2137.1,165,4511.3,1,2.1,3.8,541.6,23.8
280,21.2,55.6,2120.5,164.3,4537.3,1,2.1,3.8,542,23.5
863,18.3,61.2,1874.2,193.2,4482.3,0.9,2.2,3.5,497.9,20.9
48,21.1,55.9,2124.7,164.7,4489.1,1,2.1,3.8,537.4,23.5
34,20.9,55.9,2119.1,163.3,4485.1,1,2.1,3.8,539.8,23.7
568,20.3,54.8,2282.4,132.4,3743,1.1,2.3,4.5,498.7,23.5
378,21,55.6,2136.6,165.4,4535.8,1,2.1,3.8,543.3,23.7
586,18.8,50.2,2134.3,196.9,4857.6,0.8,2.4,3.3,607,25.1
262,20.8,55.7,2125.1,165.1,4566.3,1,2.1,3.8,533.4,23.6
700,20,54.8,2093.1,135.4,4872.4,1.1,1.8,4.4,519.2,20.4
616,20.4,66.4,2396.6,143.3,3822.8,1.1,2.4,3.6,630.7,25.3
868,23.5,50.3,1716.7,140.2,4892.9,1.2,1.9,4.2,453.5,23.6
20,20.9,56.5,2140.7,165.6,4526.9,1,2.1,3.8,537.8,23.9
19,21.1,56.4,2143.4,164.8,4535,1,2.1,3.8,534.6,23.8
90,20.9,55.8,2135.7,163.6,4484.3,1,2.1,3.8,537.5,23.8
598,24.7,65.6,2100.8,134.6,4321,0.8,2.5,4.4,486.6,28.3
536,17.7,60.4,2213.8,143.2,5282.8,1.1,2.3,3.7,590.2,20.2
783,19.6,64.8,2115.2,153.7,4543.4,1.1,2.2,3.1,430.7,21.6
829,20.3,64,1912.2,138,4898,0.9,2.4,3.8,455,19.9
373,21,56.2,2112.6,165.4,4536.5,1,2.1,3.8,537.1,23.6
462,21.1,56.5,2116.5,165.9,4510.5,1,2.1,3.8,535.2,23.5
760,24.7,57.2,1738.2,185.7,4762.1,1,2.4,4.1,596.4,19.7
284,21.1,56.1,2126.2,166.2,4500.2,1,2.1,3.8,532.9,23.6
604,19,50.6,2069.8,177.3,4969.1,0.8,2,4,461.6,20.8
916,18,58.4,2305.7,172.2,3936.6,1.1,1.9,3.2,572,20.7
345,21,55.9,2149.6,164.2,4540.9,1,2.1,3.8,537.5,23.6
244,20.9,55.6,2146.3,163.8,4550.5,1,2.1,3.8,539.1,23.5
748,24.9,63.2,1745.3,148.1,5371.5,1,2,3.8,541,26.5
25,21.2,55.7,2127.4,165,4518.6,1,2.1,3.8,540.5,23.6
22,21.1,55.6,2133.9,163.1,4547.3,1,2.1,3.8,535.7,23.5
975,20.7,49.2,2174.1,154.3,5129,1,2.3,3.4,537.1,23.1
439,21.1,56.5,2129.7,163.9,4562.7,1,2.1,3.8,538.8,23.5
405,20.8,55.6,2152.3,166.1,4483.5,1,2.1,3.8,538.6,23.6
846,17.3,65.6,2403.4,145.6,5062.9,0.9,2.4,4.3,631.1,19.8
515,21.9,51.4,2123,173,3652.1,0.9,2,3.8,495,28.2
288,20.8,56.1,2124.3,163.7,4541.2,1,2.1,3.8,539,23.5
65,21.1,56.3,2115.4,164.8,4549.8,1,2.1,3.8,539.2,23.7
358,21.1,55.6,2130.4,163.6,4542.3,1,2.1,3.8,532.7,23.8
898,16.9,64.3,2165.4,134.9,4989.7,1.1,2.1,3.2,450.2,28.1
129,21.2,56.4,2117.5,165.6,4545.6,1,2.1,3.8,532.6,23.8
427,21,56.4,2113.6,165.3,4534.5,1,2.1,3.8,536.6,23.5
99,21.1,56,2131.3,163.3,4547.3,1,2.1,3.8,533.1,23.6
193,20.8,56.3,2141.8,165.7,4566.1,1,2.1,3.8,535.1,23.6
701,20.7,45.4,2102,173.4,4481.4,0.8,1.8,4.2,485.7,21.9
699,25.1,61.7,2255.6,132.4,3990.4,1.1,2.4,4.2,502.3,20.6
579,19.4,53.2,2203.3,182.1,4051.8,1,2.3,3.6,531,28.4
338,20.9,56.2,2124.7,164.6,4513.6,1,2.1,3.8,537.2,23.8
660,17.3,55.4,2121.1,153.7,4289.5,0.9,2.1,3.2,451.5,22.8
522,22.3,63.4,2125.8,169.3,3805.5,1.2,2.5,3.1,627.2,21.5